Element, Objective Function, Solid-void Ratio
Q4, 205.629639, 0.356667
Q5B, 206.508146, 0.355833
Q4a5B, 206.508146, 0.355833
